<?xml version="1.0" encoding="UTF-8"?>
<project-private xmlns="http://www.netbeans.org/ns/project-private/1">
    <editor-bookmarks xmlns="http://www.netbeans.org/ns/editor-bookmarks/2" lastBookmarkId="0"/>
    <open-files xmlns="http://www.netbeans.org/ns/projectui-open-files/2">
        <group>
            <file>file:/C:/UNIVERSITY/AED/Submission/FINAL%20PROJECT/aed-final-project/FarmerModel/src/userinterface/AdministrativeRole/ManageUserAccountJPanel.java</file>
            <file>file:/C:/UNIVERSITY/AED/Submission/FINAL%20PROJECT/aed-final-project/FarmerModel/src/userinterface/AdministrativeRole/ManageOrganizationJPanel.java</file>
            <file>file:/C:/UNIVERSITY/AED/Submission/FINAL%20PROJECT/aed-final-project/FarmerModel/src/userinterface/StaffRole/StaffWorkAreaJPanel.java</file>
            <file>file:/C:/UNIVERSITY/AED/Submission/FINAL%20PROJECT/aed-final-project/FarmerModel/src/userinterface/AdministrativeRole/ManageEmployeeJPanel.java</file>
            <file>file:/C:/UNIVERSITY/AED/Submission/FINAL%20PROJECT/aed-final-project/FarmerModel/src/userinterface/WarehouseManagerRole/WarehouseWorkAreaJPanel.java</file>
        </group>
    </open-files>
</project-private>
